Tool Name,Type,Primary Focus,Key Features,Attack Types Supported,Unique Differentiators,Integration & Deployment,Best For
Giskard,Open-source,Multi-turn adversarial testing,"40+ vulnerabilities detection, 10+ attack strategies, multi-turn conversations, OWASP LLM Top 10 alignment, NIST AI RMF compliance, collaborative playground","Prompt injection, jailbreaking, bias, toxicity, hallucination, PII leakage, off-topic, social engineering","Only tool with dynamic multi-turn agent testing, context-aware attacks using internal business documents","API-based, cloud/on-premise, Python library, CI/CD ready, web interface",Enterprise teams needing comprehensive multi-turn testing with business context integration
Promptfoo,Open-source,Dynamic vulnerability scanning,"50+ vulnerability types, dynamic test case generation, CI/CD integration, custom attack modules, real-time monitoring, framework compliance mapping","Prompt injection, jailbreaks, data exfiltration, BOLA, SSRF, harmful content, PII leaks, contract generation","Custom attack generation for specific applications, 50+ vulnerability types, excellent CI/CD integration","CLI + Web UI, CI/CD pipelines, REST API, npm package, local/cloud","Security teams wanting dynamic, application-specific vulnerability testing with CI/CD integration"
PyRIT (Microsoft),Open-source,Automated risk identification,"Model-agnostic testing, multimodal support, composable architecture, automated prompt generation, scoring engine, 100+ red team operations at Microsoft","Jailbreaks, data extraction, policy violations, multimodal attacks, sensitive data exposure","Battle-tested by Microsoft AI Red Team on 100+ operations, multimodal support, composable architecture","Python SDK, Azure integration, OpenAI/Anthropic/HuggingFace support, notebook-friendly","Microsoft ecosystem users, multimodal testing, enterprise-scale red teaming operations"
HarmBench,Open-source,Standardized red teaming framework,"18 red teaming methods, 510 unique behaviors across 4 categories, standardized evaluation, adversarial training, supports 33 LLMs and defenses","Standard behaviors, contextual behaviors, copyright behaviors, multimodal behaviors, 510 unique test cases","Standardized framework for comparing 18 methods across 33 models, academic rigor, adversarial training method","Python library, Hugging Face models, custom model support, research-focused",Researchers and academics needing standardized evaluation framework for comparative studies
DeepTeam,Open-source,Automated red teaming for LLMs,"40+ vulnerabilities, 10+ attack strategies, single/multi-turn testing, OWASP Top 10 coverage, local execution, model-agnostic, JSON export","Bias, toxicity, PII leakage, prompt injection, jailbreaking, hallucination, misinformation, off-topic","Simplest API (5 functions), local execution, OWASP coverage, runs on Ollama or OpenAI, stateful testing","Python package, Ollama support, OpenAI/Azure OpenAI, local execution, any custom LLM","Developers wanting quick setup with local execution, simple API, OWASP compliance"
Garak (NVIDIA),Open-source,Vulnerability scanning,"120+ vulnerability categories, wide platform support, hallucination detection, data leakage tests, encoding-based attacks, detailed logging","Hallucination, data leakage, prompt injection, misinformation, toxicity, jailbreaking, encoding attacks, XSS","120+ attack categories, NVIDIA-backed, NeMo Guardrails integration, excellent documentation","CLI tool, Python library, REST endpoints, Hugging Face/OpenAI/Replicate/Cohere support","AI researchers, NVIDIA ecosystem, comprehensive vulnerability scanning across platforms"
Lasso Security,Commercial + Open-source,LLM security & MCP Gateway,"MCP Gateway (open-source), threat modeling, security assessments, agnostic guardrails, advanced tracking, real-time monitoring, code scanning","Prompt injection, data exfiltration, threat modeling, tool poisoning, MCP security vulnerabilities","First open-source MCP Gateway with built-in security, agentic workflow support, code scanning capabilities","GitHub, API-based, GenAI security platform, MCP Gateway proxy, enterprise deployment","Organizations deploying agentic workflows, MCP implementations, enterprise LLM security"
CalypsoAI,Commercial,Enterprise AI governance,"Real-time security monitoring, generative AI scanner, governance tools, audit logging, malware detection, 10,000+ attack prompt library","Prompt injections, data breaches, jailbreaks, hallucinations, biased outputs, malware generation","10,000+ attack prompts library, CASI scoring system, enterprise-grade governance, real-time protection","API-based, platform integration, SIEM integration, cloud-native, enterprise deployment","Large enterprises needing governance, compliance, real-time monitoring at scale"
LLM Guard,Open-source,Prompt injection prevention,"Prompt injection prevention, data leakage prevention, harmful language detection, sanitization, output handling, LLM governance","Prompt injection, data leakage, harmful outputs, jailbreaks, goal hijacking, toxic content","Data-centric approach, sanitization focus, output handling, modular scanners, Laiyer.ai backed","Python library, API integration, Docker support, model-agnostic, open-source","Teams focused on prompt injection prevention, data security, output sanitization"
Rebuff,Open-source,Prompt injection detection,"Heuristics filtering, LLM-based detection, Vector DB for attack storage, canary tokens, multi-layered defense, self-hardening capability","Prompt injection (direct & indirect), SQL injection, data exfiltration via canary tokens","Self-hardening via vector DB, canary token innovation, multi-layered defense, simple integration","Python SDK, npm package, API-based, Pinecone integration, OpenAI support",Applications needing self-hardening prompt injection defense with canary tokens
Purple Llama (Meta),Open-source,Cybersecurity & safety benchmarking,"Cybersecurity benchmarking (CyberSecEval), input/output safeguards, purple teaming approach, community-driven, 100+ organization partnerships","Cybersecurity vulnerabilities, insecure coding, unvalidated inputs, buffer overflows, race conditions","Meta-backed, purple teaming methodology, CyberSecEval suite, 100+ partner ecosystem","Python library, CLI tool, model evaluation suite, open-source, community-driven","Open research community, cybersecurity benchmarking, Meta ecosystem integration"
ARTKIT,Open-source,Automated red teaming kit,"Multi-turn persona testing, LLM-assisted Q&A generation, end-to-end pipelines, async support, caching, Python framework","Adversarial prompts, multi-turn attacks, persona-based testing, fairness issues, security vulnerabilities","BCG X developed, multi-turn persona testing, LLM-assisted dataset generation, async caching","Python framework, notebook-friendly, API-based, extensible, open-source",Red teamers needing multi-turn persona testing with LLM-assisted dataset generation
Splx AI,Commercial,Continuous AI red teaming,"25+ prebuilt probes, custom probes, multi-modal testing, automated policy mapping, CI/CD integration, OWASP/NIST/EU AI Act alignment","Prompt injection, off-topic, hallucinations, social engineering, jailbreaks, data leakage, bias, toxicity","25+ prebuilt probes, domain-specific testing, 99% attack coverage, recently acquired by Zscaler","Cloud platform, REST API, CI/CD integration, Jira/ServiceNow integration, multi-modal connectors",Enterprises wanting end-to-end security with automated red teaming and runtime protection
Counterfit (Microsoft),Open-source,ML model security assessment,"Command-line automation, attack algorithm library, model-agnostic, environment-agnostic, logging capabilities, MITRE ATLAS integration","Evasion attacks, model theft, adversarial robustness, data poisoning, GCG attacks","Generic ML security tool, not LLM-specific, MITRE ATLAS integration, command-line focus","CLI tool, Python library, adversarial toolbox integration, open-source","Traditional ML security teams, non-LLM specific AI security assessment"
Microsoft AI Red Teaming Agent,Commercial/Azure,Azure AI security,"PyRIT integration, Azure AI Foundry integration, automated scanning, adversarial probing simulation, risk category support, detailed reporting","Jailbreaks, prompt injections, bias, toxicity, safety violations across multiple risk categories","Azure native, PyRIT powered, enterprise deployment focus, Microsoft ecosystem integration","Azure AI Foundry, Python SDK, cloud-based, PyRIT integration, enterprise-ready","Azure users, enterprises needing Microsoft-backed AI security solutions"
Deepchecks,Commercial,LLM evaluation & monitoring,"LLM evaluation & monitoring, version comparison, root cause analysis, automated annotations, production monitoring, drift detection","Quality degradation, drift detection, accuracy issues, toxicity, bias, fluency problems","Strong production monitoring, version comparison, root cause analysis, continuous monitoring dashboards","Cloud platform, API integration, Datadog/New Relic integration, web dashboard, Python SDK","Production monitoring, version comparison, continuous evaluation, quality tracking"
Snyk Code,Commercial,Code security scanning,"LLM library tracking, taint analysis, source code security, prompt injection detection, vulnerability scanning, auto-fixing capabilities","SQL injection, XSS, command injection, prompt injection via LLM sources","Developer-first, IDE integration, auto-fix capabilities, taint analysis, DeepCode AI powered","IDE extension, VS Code integration, CLI, CI/CD, cloud-based, real-time scanning","Developers using Copilot, securing AI-generated code, IDE-based security"
LLMFuzzer,Open-source,Fuzzing for LLMs,"Fuzzing for LLMs, API-based deployment support, modular architecture, comprehensive testing, security evaluation, extensibility","API vulnerabilities, model security gaps, fuzzing-based attacks, adversarial inputs","Pure fuzzing approach, modular design, extensible framework, API focus","Python library, API-focused, modular plugins, open-source",Security researchers focusing on fuzzing techniques for LLM APIs
JBFuzz,Open-source,Jailbreaking via fuzzing,"Fuzzing-based jailbreaking, 99% attack success rate, efficient (60 seconds), synonym-based mutation, lightweight evaluation, scalable","Template-based jailbreaking, mutation attacks, fuzzing techniques, bypass safety mechanisms","99% ASR, 60-second jailbreaks, synonym mutation, lightweight, efficient at scale","Research tool, Python-based, black-box testing, automated fuzzing","Rapid jailbreak testing, efficiency-focused red teaming, research purposes"
Vigil,Open-source,Security scanning & threat detection,"Prompt injection detection, jailbreak detection, vector DB scanner, YARA heuristics, transformer model, anomaly detection, modular design","Prompt injection, jailbreaks, data leakage, PII exposure, anomalous behavior","Vector DB + YARA + transformer model, anomaly detection, modular scanners, REST API support","Python library, REST API, Docker support, self-hosted, configurable","Real-time production deployment, anomaly detection, modular security scanning"
